LA code 202021,LA name 202021,Year,Tenure,Units
E06000001,Hartlepool,2004/5/1,Affordable Home Ownership,2
E06000001,Hartlepool,2004/5/1,Social Rent,14
E06000002,Middlesbrough,2004/5/1,Affordable Home Ownership,2
E06000002,Middlesbrough,2004/5/1,Social Rent,39
E06000002,Middlesbrough,2004/5/1,Social Rent,6
E06000003,Redcar and Cleveland,2004/5/1,Affordable Home Ownership,1
E06000003,Redcar and Cleveland,2004/5/1,Affordable Home Ownership,10
E06000003,Redcar and Cleveland,2004/5/1,Social Rent,2
E06000004,Stockton-on-Tees,2004/5/1,Affordable Home Ownership,1
E06000004,Stockton-on-Tees,2004/5/1,Social Rent,60
E06000005,Darlington,2004/5/1,Affordable Home Ownership,13
E06000005,Darlington,2004/5/1,Social Rent,38
E06000006,Halton,2004/5/1,Affordable Home Ownership,3
E06000006,Halton,2004/5/1,Social Rent,95
E06000007,Warrington,2004/5/1,Affordable Home Ownership,43
E06000007,Warrington,2004/5/1,Social Rent,1
E06000008,Blackburn with Darwen,2004/5/1,Affordable Home Ownership,6
E06000008,Blackburn with Darwen,2004/5/1,Affordable Home Ownership,18
E06000008,Blackburn with Darwen,2004/5/1,Social Rent,41